ADANI ENTERPRISES,,,,,,,,,
ADANI PORTS & SEZ,,,,,,,,,
APOLLO HOSPITALS,,,,,,,,,
ASIAN PAINTS,,,,,,,,,
AXIS BANK,,,,,,,,,
BAJAJ AUTO,,,,,,,,,
BAJAJ FINANCE,,,,,,,,,
BAJAJ FINSERV,,,,,,,,,
BHARAT ELECTRONICS,,,,,,,,,
BHARTI AIRTEL,,,,,,,,,
CIPLA,,,,,,,,,
COAL INDIA,,,,,,,,,
DR. REDDYS LAB,,,,,,,,,
EICHER MOTORS,,,,,,,,,
ETERNAL LTD,,,,,,,,,
GRASIM,,,,,,,,,
HCL TECHNOLOGIES,,,,,,,,,
HDFC BANK,,,,,,,,,
HDFC LIFE INSURANCE,,,,,,,,,
HERO MOTOCORP,,,,,,,,,
HINDALCO,,,,,,,,,
HINDUSTAN UNILEVER,,,,,,,,,
ICICI BANK,,,,,,,,,
INDUSIND BANK,,,,,,,,,
INFOSYS,,,,,,,,,
IOC,,,,,,,,,
ITC,,,,,,,,,
JIO FINANCIAL SERVICES,,,,,,,,,
JSW STEEL,,,,,,,,,
KOTAK MAHINDRA BANK,,,,,,,,,
L&T,,,,,,,,,
M&M,,,,,,,,,
MARUTI SUZUKI,,,,,,,,,
NESTLE,,,,,,,,,
NTPC,,,,,,,,,
ONGC,,,,,,,,,
POWER GRID,,,,,,,,,
RELIANCE IND.,,,,,,,,,
SBI,,,,,,,,,
SBI LIFE INSURANCE,,,,,,,,,
SHRIRAM FINANCE,,,,,,,,,
SUN PHARMA,,,,,,,,,
TATA CONSUMER,,,,,,,,,
TATA MOTORS PASSENGER VEHICLES LIMITED,,,,,,,,,
TATA STEEL,,,,,,,,,
TCS,,,,,,,,,
TECH MAHINDRA,,,,,,,,,
TITAN,,,,,,,,,
TRENT,,,,,,,,,
ULTRATECH CEMENT,,,,,,,,,
WIPRO,,,,,,,,,
,,,,,,,,,